Ticker,PEG,PE,EPS_Growth,AnalystRating,TargetUpside,SentimentScore,InsiderDepth,RedditSentiment,HiLoProximity
AAPL,1.2,24,18,2.2,15,0.21,0.60,0.32,0.84
TSLA,2.5,70,35,3.2,20,0.61,0.02,0.75,0.63
MSFT,1.8,30,20,1.8,40,0.85,0.71,0.43,0.72
AMZN,1.4,45,22,2.0,35,0.42,0.33,0.38,0.90
GOOG,1.1,28,25,2.3,25,0.39,0.50,0.60,0.77
META,1.7,32,30,2.1,30,0.55,0.47,0.53,0.69
NVDA,1.5,55,40,2.5,45,0.66,0.20,0.67,0.82
NFLX,2.0,38,28,2.8,18,0.48,0.60,0.41,0.74
BABA,0.9,18,33,2.4,22,0.34,0.80,0.25,0.70
INTC,2.8,20,12,3.5,10,0.19,0.10,0.22,0.50
ORCL,1.3,26,19,2.7,19,0.51,0.44,0.36,0.62
IBM,1.6,20,14,2.6,16,0.29,0.39,0.31,0.59
AMD,1.9,35,27,2.2,23,0.72,0.25,0.68,0.77
CRM,1.1,50,21,2.9,17,0.45,0.18,0.40,0.66
PYPL,1.4,29,26,2.5,21,0.56,0.55,0.39,0.64
UBER,1.8,33,35,2.6,29,0.60,0.49,0.73,0.78
SHOP,1.3,31,38,2.3,34,0.52,0.46,0.65,0.80
SQ,1.6,25,24,3.0,26,0.30,0.35,0.52,0.67
PLTR,2.1,40,30,3.2,19,0.43,0.37,0.44,0.61
SNOW,1.7,60,32,2.8,27,0.61,0.28,0.58,0.75
ABNB,1.5,34,22,2.4,24,0.47,0.32,0.49,0.69
NET,1.2,28,29,2.0,30,0.50,0.53,0.56,0.71
ZS,1.4,36,33,2.1,31,0.54,0.62,0.51,0.73
ROKU,2.6,44,20,3.4,14,0.22,0.19,0.28,0.58
DOCU,2.2,37,23,3.1,15,0.35,0.21,0.35,0.60
TWLO,1.9,42,26,3.3,13,0.27,0.26,0.33,0.57
OKTA,2.3,39,19,3.0,12,0.24,0.22,0.30,0.55
CRM,1.1,45,25,2.5,32,0.40,0.38,0.42,0.68
NOW,1.6,50,28,2.2,36,0.44,0.41,0.47,0.70
WDAY,1.8,31,31,2.6,28,0.46,0.43,0.50,0.72
ADBE,1.2,27,29,2.0,33,0.49,0.48,0.55,0.74
